"2014-04-01";"23:26:02";"WinControl (rev 714) report file"
"Date";"Time";"Type";"No.";"1:F";"1:Fm'";"1:PAR";"1:Y (II)";"1:ETR"
"";"";"D";"";"Device Nr: #1: Pam-Control ";""
"2014-04-01";"19:04:47";"SCHS";"";"Chart Start ";""
"2014-04-01";"19:04:47";"FO";"2319";"568";"546";"0";"-";"-"
"2014-04-01";"19:04:55";"F";"2320";"191";"224";"0";"0.147";"0.0"
"2014-04-01";"19:05:05";"F";"2321";"189";"216";"0";"0.125";"0.0"
"2014-04-01";"19:05:16";"F";"2322";"195";"219";"0";"0.110";"0.0"
"2014-04-01";"19:05:25";"F";"2323";"191";"207";"0";"0.077";"0.0"
"2014-04-01";"19:05:35";"F";"2324";"186";"195";"0";"0.046";"0.0"
"2014-04-01";"19:05:45";"F";"2325";"181";"192";"0";"0.057";"0.0"
"2014-04-01";"19:05:55";"F";"2326";"185";"188";"0";"0.016";"0.0"
"2014-04-01";"19:06:05";"F";"2327";"187";"188";"0";"0.005";"0.0"
"2014-04-01";"19:06:36";"FO";"2328";"590";"602";"0";"0.020";"0.0"
"2014-04-01";"19:06:45";"F";"2329";"195";"236";"0";"0.174";"0.0"
"2014-04-01";"19:06:56";"F";"2330";"202";"231";"0";"0.126";"0.0"
"2014-04-01";"19:07:05";"F";"2331";"205";"232";"0";"0.116";"0.0"
"2014-04-01";"19:07:15";"F";"2332";"203";"224";"0";"0.094";"0.0"
"2014-04-01";"19:07:25";"F";"2333";"196";"212";"0";"0.075";"0.0"
"2014-04-01";"19:07:35";"F";"2334";"199";"206";"0";"0.034";"0.0"
"2014-04-01";"19:07:45";"F";"2335";"196";"200";"0";"0.020";"0.0"
"2014-04-01";"19:07:55";"F";"2336";"191";"191";"0";"0.000";"0.0"
"2014-04-01";"19:09:11";"FO";"2337";"724";"740";"0";"0.022";"0.0"
"2014-04-01";"19:09:21";"F";"2338";"590";"705";"0";"0.163";"0.0"
"2014-04-01";"19:09:31";"F";"2339";"569";"637";"0";"0.107";"0.0"
"2014-04-01";"19:09:42";"F";"2340";"551";"606";"0";"0.091";"0.0"
"2014-04-01";"19:09:52";"F";"2341";"540";"580";"0";"0.069";"0.0"
"2014-04-01";"19:10:01";"F";"2342";"521";"551";"0";"0.054";"0.0"
"2014-04-01";"19:10:11";"F";"2343";"494";"528";"0";"0.064";"0.0"
"2014-04-01";"19:10:21";"F";"2344";"497";"501";"0";"0.008";"0.0"
"2014-04-01";"19:10:32";"F";"2345";"473";"479";"0";"0.013";"0.0"
"2014-04-01";"19:11:09";"FO";"2346";"504";"523";"0";"0.036";"0.0"
"2014-04-01";"19:11:19";"F";"2347";"266";"312";"0";"0.147";"0.0"
"2014-04-01";"19:11:28";"F";"2348";"269";"310";"0";"0.132";"0.0"
"2014-04-01";"19:11:38";"F";"2349";"277";"310";"0";"0.106";"0.0"
"2014-04-01";"19:11:48";"F";"2350";"279";"305";"0";"0.085";"0.0"
"2014-04-01";"19:11:59";"F";"2351";"278";"297";"0";"0.064";"0.0"
"2014-04-01";"19:12:09";"F";"2352";"278";"290";"0";"0.041";"0.0"
"2014-04-01";"19:12:18";"F";"2353";"272";"275";"0";"0.011";"0.0"
"2014-04-01";"19:12:28";"F";"2354";"266";"265";"0";"-";"-"
"2014-04-01";"19:13:18";"FO";"2355";"588";"593";"0";"0.008";"0.0"
"2014-04-01";"19:13:28";"F";"2356";"376";"452";"0";"0.168";"0.0"
"2014-04-01";"19:13:37";"F";"2357";"396";"459";"0";"0.137";"0.0"
"2014-04-01";"19:13:47";"F";"2358";"376";"427";"0";"0.119";"0.0"
"2014-04-01";"19:13:57";"F";"2359";"374";"407";"0";"0.081";"0.0"
"2014-04-01";"19:14:07";"F";"2360";"369";"395";"0";"0.066";"0.0"
"2014-04-01";"19:14:17";"F";"2361";"371";"392";"0";"0.054";"0.0"
"2014-04-01";"19:14:27";"F";"2362";"360";"371";"0";"0.030";"0.0"
"2014-04-01";"19:14:38";"F";"2363";"341";"346";"0";"0.014";"0.0"
"2014-04-01";"19:18:35";"FO";"2364";"565";"560";"0";"-";"-"
"2014-04-01";"19:18:44";"F";"2365";"413";"469";"0";"0.119";"0.0"
"2014-04-01";"19:18:54";"F";"2366";"390";"433";"0";"0.099";"0.0"
"2014-04-01";"19:19:04";"F";"2367";"385";"420";"0";"0.083";"0.0"
"2014-04-01";"19:19:14";"F";"2368";"375";"402";"0";"0.067";"0.0"
"2014-04-01";"19:19:24";"F";"2369";"370";"389";"0";"0.049";"0.0"
"2014-04-01";"19:19:34";"F";"2370";"366";"379";"0";"0.034";"0.0"
"2014-04-01";"19:19:44";"F";"2371";"357";"369";"0";"0.033";"0.0"
"2014-04-01";"19:19:54";"F";"2372";"351";"353";"0";"0.006";"0.0"
"2014-04-01";"19:20:50";"FO";"2373";"417";"418";"0";"0.002";"0.0"
"2014-04-01";"19:21:00";"F";"2374";"296";"313";"0";"0.054";"0.0"
"2014-04-01";"19:21:10";"F";"2375";"271";"285";"0";"0.049";"0.0"
"2014-04-01";"19:21:19";"F";"2376";"268";"280";"0";"0.043";"0.0"
"2014-04-01";"19:21:30";"F";"2377";"257";"271";"0";"0.052";"0.0"
"2014-04-01";"19:21:40";"F";"2378";"261";"263";"0";"0.008";"0.0"
"2014-04-01";"19:21:50";"F";"2379";"251";"251";"0";"0.000";"0.0"
"2014-04-01";"19:22:00";"F";"2380";"239";"239";"0";"0.000";"0.0"
"2014-04-01";"19:22:09";"F";"2381";"231";"230";"0";"-";"-"
"2014-04-01";"19:22:47";"FO";"2382";"503";"499";"0";"-";"-"
"2014-04-01";"19:22:58";"F";"2383";"357";"433";"0";"0.176";"0.0"
"2014-04-01";"19:23:08";"F";"2384";"338";"393";"0";"0.140";"0.0"
"2014-04-01";"19:23:17";"F";"2385";"328";"372";"0";"0.118";"0.0"
"2014-04-01";"19:23:27";"F";"2386";"318";"348";"0";"0.086";"0.0"
"2014-04-01";"19:23:37";"F";"2387";"295";"317";"0";"0.069";"0.0"
"2014-04-01";"19:23:48";"F";"2388";"289";"301";"0";"0.040";"0.0"
"2014-04-01";"19:23:58";"F";"2389";"278";"288";"0";"0.035";"0.0"
"2014-04-01";"19:24:07";"F";"2390";"279";"279";"0";"0.000";"0.0"
"2014-04-01";"19:25:12";"FO";"2391";"490";"494";"0";"0.008";"0.0"
"2014-04-01";"19:25:21";"F";"2392";"264";"324";"0";"0.185";"0.0"
"2014-04-01";"19:25:31";"F";"2393";"258";"302";"0";"0.146";"0.0"
"2014-04-01";"19:25:41";"F";"2394";"244";"275";"0";"0.113";"0.0"
"2014-04-01";"19:25:52";"F";"2395";"235";"259";"0";"0.093";"0.0"
"2014-04-01";"19:26:02";"F";"2396";"237";"253";"0";"0.063";"0.0"
"2014-04-01";"19:26:11";"F";"2397";"235";"244";"0";"0.037";"0.0"
"2014-04-01";"19:26:21";"F";"2398";"224";"228";"0";"0.018";"0.0"
"2014-04-01";"19:26:31";"F";"2399";"218";"221";"0";"0.014";"0.0"
"2014-04-01";"19:27:06";"FO";"2400";"531";"529";"0";"-";"-"
"2014-04-01";"19:27:16";"F";"2401";"414";"502";"0";"0.175";"0.0"
"2014-04-01";"19:27:26";"F";"2402";"418";"494";"0";"0.154";"0.0"
"2014-04-01";"19:27:36";"F";"2403";"425";"479";"0";"0.113";"0.0"
"2014-04-01";"19:27:46";"F";"2404";"408";"450";"0";"0.093";"0.0"
"2014-04-01";"19:27:56";"F";"2405";"393";"425";"0";"0.075";"0.0"
"2014-04-01";"19:28:06";"F";"2406";"399";"417";"0";"0.043";"0.0"
"2014-04-01";"19:28:16";"F";"2407";"370";"384";"0";"0.036";"0.0"
"2014-04-01";"19:28:26";"F";"2408";"361";"362";"0";"0.003";"0.0"
"2014-04-01";"19:29:41";"FO";"2409";"548";"641";"0";"0.145";"0.0"
"2014-04-01";"19:29:51";"F";"2410";"499";"595";"0";"0.161";"0.0"
"2014-04-01";"19:30:01";"F";"2411";"489";"561";"0";"0.128";"0.0"
"2014-04-01";"19:30:11";"F";"2412";"457";"504";"0";"0.093";"0.0"
"2014-04-01";"19:30:21";"F";"2413";"431";"466";"0";"0.075";"0.0"
"2014-04-01";"19:30:30";"F";"2414";"403";"431";"0";"0.065";"0.0"
"2014-04-01";"19:30:41";"F";"2415";"391";"405";"0";"0.035";"0.0"
"2014-04-01";"19:30:51";"F";"2416";"363";"375";"0";"0.032";"0.0"
"2014-04-01";"19:31:01";"F";"2417";"355";"354";"0";"-";"-"
"2014-04-01";"19:31:33";"FO";"2418";"546";"590";"0";"0.075";"0.0"
"2014-04-01";"19:31:43";"F";"2419";"470";"548";"0";"0.142";"0.0"
"2014-04-01";"19:31:53";"F";"2420";"449";"501";"0";"0.104";"0.0"
"2014-04-01";"19:32:03";"F";"2421";"404";"448";"0";"0.098";"0.0"
"2014-04-01";"19:32:13";"F";"2422";"384";"412";"0";"0.068";"0.0"
"2014-04-01";"19:32:23";"F";"2423";"372";"388";"0";"0.041";"0.0"
"2014-04-01";"19:32:33";"F";"2424";"341";"357";"0";"0.045";"0.0"
"2014-04-01";"19:32:43";"F";"2425";"332";"329";"0";"-";"-"
"2014-04-01";"19:32:53";"F";"2426";"304";"308";"0";"0.013";"0.0"
"2014-04-01";"19:33:24";"FO";"2427";"630";"689";"0";"0.086";"0.0"
"2014-04-01";"19:33:33";"F";"2428";"575";"642";"0";"0.104";"0.0"
"2014-04-01";"19:33:44";"F";"2429";"547";"602";"0";"0.091";"0.0"
"2014-04-01";"19:33:54";"F";"2430";"537";"596";"0";"0.099";"0.0"
"2014-04-01";"19:34:04";"F";"2431";"525";"553";"0";"0.051";"0.0"
"2014-04-01";"19:34:14";"F";"2432";"464";"484";"0";"0.041";"0.0"
"2014-04-01";"19:34:23";"F";"2433";"439";"449";"0";"0.022";"0.0"
"2014-04-01";"19:34:34";"F";"2434";"421";"422";"0";"0.002";"0.0"
"2014-04-01";"19:34:44";"F";"2435";"386";"386";"0";"0.000";"0.0"
"2014-04-01";"19:35:12";"FO";"2436";"459";"461";"0";"0.004";"0.0"
"2014-04-01";"19:35:21";"F";"2437";"362";"398";"0";"0.090";"0.0"
"2014-04-01";"19:35:32";"F";"2438";"346";"375";"0";"0.077";"0.0"
"2014-04-01";"19:35:41";"F";"2439";"327";"347";"0";"0.058";"0.0"
"2014-04-01";"19:35:51";"F";"2440";"317";"332";"0";"0.045";"0.0"
"2014-04-01";"19:36:02";"F";"2441";"300";"309";"0";"0.029";"0.0"
"2014-04-01";"19:36:12";"F";"2442";"287";"292";"0";"0.017";"0.0"
"2014-04-01";"19:36:21";"F";"2443";"267";"269";"0";"0.007";"0.0"
"2014-04-01";"19:36:31";"F";"2444";"255";"253";"0";"-";"-"
"2014-04-01";"19:37:26";"FO";"2445";"480";"489";"0";"0.018";"0.0"
"2014-04-01";"19:37:35";"F";"2446";"383";"438";"0";"0.126";"0.0"
"2014-04-01";"19:37:45";"F";"2447";"369";"415";"0";"0.111";"0.0"
"2014-04-01";"19:37:55";"F";"2448";"352";"378";"0";"0.069";"0.0"
"2014-04-01";"19:38:06";"F";"2449";"318";"335";"0";"0.051";"0.0"
"2014-04-01";"19:38:16";"F";"2450";"295";"307";"0";"0.039";"0.0"
"2014-04-01";"19:38:25";"F";"2451";"279";"282";"0";"0.011";"0.0"
"2014-04-01";"19:38:35";"F";"2452";"268";"268";"0";"0.000";"0.0"
"2014-04-01";"19:38:45";"F";"2453";"252";"252";"0";"0.000";"0.0"
"2014-04-01";"19:39:13";"FO";"2454";"497";"558";"0";"0.109";"0.0"
"2014-04-01";"19:39:22";"F";"2455";"412";"475";"0";"0.133";"0.0"
"2014-04-01";"19:39:32";"F";"2456";"382";"432";"0";"0.116";"0.0"
"2014-04-01";"19:39:43";"F";"2457";"356";"393";"0";"0.094";"0.0"
"2014-04-01";"19:39:52";"F";"2458";"319";"329";"0";"0.030";"0.0"
"2014-04-01";"19:40:02";"F";"2459";"295";"303";"0";"0.026";"0.0"
"2014-04-01";"19:40:12";"F";"2460";"277";"277";"0";"0.000";"0.0"
"2014-04-01";"19:40:22";"F";"2461";"259";"258";"0";"-";"-"
"2014-04-01";"19:40:33";"F";"2462";"240";"239";"0";"-";"-"
"2014-04-01";"19:41:08";"FO";"2463";"502";"553";"0";"0.092";"0.0"
"2014-04-01";"19:41:18";"F";"2464";"425";"498";"0";"0.147";"0.0"
"2014-04-01";"19:41:27";"F";"2465";"426";"465";"0";"0.084";"0.0"
"2014-04-01";"19:41:38";"F";"2466";"372";"403";"0";"0.077";"0.0"
"2014-04-01";"19:41:48";"F";"2467";"341";"362";"0";"0.058";"0.0"
"2014-04-01";"19:41:58";"F";"2468";"323";"327";"0";"0.012";"0.0"
"2014-04-01";"19:42:08";"F";"2469";"296";"298";"0";"0.007";"0.0"
"2014-04-01";"19:42:17";"F";"2470";"284";"284";"0";"0.000";"0.0"
"2014-04-01";"19:42:28";"F";"2471";"262";"261";"0";"-";"-"
"2014-04-01";"19:43:12";"FO";"2472";"601";"611";"0";"0.016";"0.0"
"2014-04-01";"19:43:22";"F";"2473";"505";"576";"0";"0.123";"0.0"
"2014-04-01";"19:43:32";"F";"2474";"467";"520";"0";"0.102";"0.0"
"2014-04-01";"19:43:43";"F";"2475";"429";"462";"0";"0.071";"0.0"
"2014-04-01";"19:43:53";"F";"2476";"406";"422";"0";"0.038";"0.0"
"2014-04-01";"19:44:02";"F";"2477";"366";"377";"0";"0.029";"0.0"
"2014-04-01";"19:44:12";"F";"2478";"335";"347";"0";"0.035";"0.0"
"2014-04-01";"19:44:24";"F";"2479";"330";"331";"0";"0.003";"0.0"
"2014-04-01";"19:44:33";"F";"2480";"302";"302";"0";"0.000";"0.0"
"2014-04-01";"19:45:03";"FO";"2481";"531";"567";"0";"0.063";"0.0"
"2014-04-01";"19:45:14";"F";"2482";"453";"527";"0";"0.140";"0.0"
"2014-04-01";"19:45:23";"F";"2483";"428";"475";"0";"0.099";"0.0"
"2014-04-01";"19:45:33";"F";"2484";"387";"418";"0";"0.074";"0.0"
"2014-04-01";"19:45:43";"F";"2485";"359";"370";"0";"0.030";"0.0"
"2014-04-01";"19:45:52";"F";"2486";"321";"331";"0";"0.030";"0.0"
"2014-04-01";"19:46:04";"F";"2487";"304";"301";"0";"-";"-"
"2014-04-01";"19:46:13";"F";"2488";"285";"284";"0";"-";"-"
"2014-04-01";"19:46:23";"F";"2489";"267";"268";"0";"0.004";"0.0"
"2014-04-01";"19:47:10";"FO";"2490";"443";"442";"0";"-";"-"
"2014-04-01";"19:47:19";"F";"2491";"348";"379";"0";"0.082";"0.0"
"2014-04-01";"19:47:29";"F";"2492";"319";"343";"0";"0.070";"0.0"
"2014-04-01";"19:47:40";"F";"2493";"297";"312";"0";"0.048";"0.0"
"2014-04-01";"19:47:50";"F";"2494";"293";"296";"0";"0.010";"0.0"
"2014-04-01";"19:47:59";"F";"2495";"265";"268";"0";"0.011";"0.0"
"2014-04-01";"19:48:09";"F";"2496";"239";"245";"0";"0.024";"0.0"
"2014-04-01";"19:48:19";"F";"2497";"233";"233";"0";"0.000";"0.0"
"2014-04-01";"19:48:30";"F";"2498";"218";"218";"0";"0.000";"0.0"
"2014-04-01";"19:49:11";"FO";"2499";"250";"249";"0";"-";"-"
"2014-04-01";"19:49:19";"F";"2500";"194";"203";"0";"0.044";"0.0"
"2014-04-01";"19:49:29";"F";"2501";"166";"171";"0";"0.029";"0.0"
"2014-04-01";"19:49:40";"F";"2502";"155";"160";"0";"0.031";"0.0"
"2014-04-01";"19:49:49";"F";"2503";"130";"130";"0";"0.000";"0.0"
"2014-04-01";"19:49:59";"F";"2504";"115";"114";"0";"-";"-"
"2014-04-01";"19:50:10";"F";"2505";"101";"102";"0";"0.010";"0.0"
"2014-04-01";"19:50:20";"F";"2506";"99";"98";"0";"-";"-"
"2014-04-01";"19:50:29";"F";"2507";"93";"93";"0";"0.000";"0.0"
"2014-04-01";"19:51:04";"FO";"2508";"325";"333";"0";"0.024";"0.0"
"2014-04-01";"19:51:14";"F";"2509";"220";"244";"0";"0.098";"0.0"
"2014-04-01";"19:51:24";"F";"2510";"201";"213";"0";"0.056";"0.0"
"2014-04-01";"19:51:34";"F";"2511";"181";"183";"0";"0.011";"0.0"
"2014-04-01";"19:51:44";"F";"2512";"149";"151";"0";"0.013";"0.0"
"2014-04-01";"19:51:54";"F";"2513";"134";"137";"0";"0.022";"0.0"
"2014-04-01";"19:52:04";"F";"2514";"129";"128";"0";"-";"-"
"2014-04-01";"19:52:15";"F";"2515";"119";"119";"0";"0.000";"0.0"
"2014-04-01";"19:52:25";"F";"2516";"109";"110";"0";"0.009";"0.0"
"2014-04-01";"19:53:02";"FO";"2517";"384";"390";"0";"0.015";"0.0"
"2014-04-01";"19:53:11";"F";"2518";"276";"306";"0";"0.098";"0.0"
"2014-04-01";"19:53:21";"F";"2519";"274";"310";"0";"0.116";"0.0"
"2014-04-01";"19:53:31";"F";"2520";"259";"268";"0";"0.034";"0.0"
"2014-04-01";"19:53:40";"F";"2521";"214";"220";"0";"0.027";"0.0"
"2014-04-01";"19:53:52";"F";"2522";"195";"199";"0";"0.020";"0.0"
"2014-04-01";"19:54:01";"F";"2523";"191";"190";"0";"-";"-"
"2014-04-01";"19:54:11";"F";"2524";"170";"171";"0";"0.006";"0.0"
"2014-04-01";"19:54:21";"F";"2525";"170";"168";"0";"-";"-"
"2014-04-01";"19:54:58";"FO";"2526";"307";"313";"0";"0.019";"0.0"
"2014-04-01";"19:55:06";"F";"2527";"246";"285";"0";"0.137";"0.0"
"2014-04-01";"19:55:17";"F";"2528";"246";"272";"0";"0.096";"0.0"
"2014-04-01";"19:55:27";"F";"2529";"228";"239";"0";"0.046";"0.0"
"2014-04-01";"19:55:37";"F";"2530";"200";"205";"0";"0.024";"0.0"
"2014-04-01";"19:55:47";"F";"2531";"184";"189";"0";"0.026";"0.0"
"2014-04-01";"19:55:56";"F";"2532";"180";"182";"0";"0.011";"0.0"
"2014-04-01";"19:56:07";"F";"2533";"164";"164";"0";"0.000";"0.0"
"2014-04-01";"19:56:17";"F";"2534";"148";"149";"0";"0.007";"0.0"
"2014-04-01";"19:57:11";"FO";"2535";"419";"445";"0";"0.058";"0.0"
"2014-04-01";"19:57:21";"F";"2536";"391";"442";"0";"0.115";"0.0"
"2014-04-01";"19:57:30";"F";"2537";"374";"403";"0";"0.072";"0.0"
"2014-04-01";"19:57:41";"F";"2538";"336";"352";"0";"0.045";"0.0"
"2014-04-01";"19:57:51";"F";"2539";"304";"313";"0";"0.029";"0.0"
"2014-04-01";"19:58:01";"F";"2540";"292";"295";"0";"0.010";"0.0"
"2014-04-01";"19:58:11";"F";"2541";"269";"271";"0";"0.007";"0.0"
"2014-04-01";"19:58:20";"F";"2542";"263";"263";"0";"0.000";"0.0"
"2014-04-01";"19:58:31";"F";"2543";"244";"243";"0";"-";"-"
"2014-04-01";"19:59:00";"FO";"2544";"395";"413";"0";"0.044";"0.0"
"2014-04-01";"19:59:08";"F";"2545";"363";"421";"0";"0.138";"0.0"
"2014-04-01";"19:59:18";"F";"2546";"327";"356";"0";"0.081";"0.0"
"2014-04-01";"19:59:29";"F";"2547";"303";"310";"0";"0.023";"0.0"
"2014-04-01";"19:59:38";"F";"2548";"277";"281";"0";"0.014";"0.0"
"2014-04-01";"19:59:48";"F";"2549";"256";"261";"0";"0.019";"0.0"
"2014-04-01";"19:59:59";"F";"2550";"238";"246";"0";"0.033";"0.0"
"2014-04-01";"20:00:09";"F";"2551";"238";"237";"0";"-";"-"
"2014-04-01";"20:00:18";"F";"2552";"227";"227";"0";"0.000";"0.0"
"2014-04-01";"20:01:35";"FO";"2553";"335";"336";"0";"0.003";"0.0"
"2014-04-01";"20:01:45";"F";"2554";"291";"310";"0";"0.061";"0.0"
"2014-04-01";"20:01:55";"F";"2555";"279";"298";"0";"0.064";"0.0"
"2014-04-01";"20:02:06";"F";"2556";"264";"271";"0";"0.026";"0.0"
"2014-04-01";"20:02:16";"F";"2557";"248";"262";"0";"0.053";"0.0"
"2014-04-01";"20:02:26";"F";"2558";"234";"237";"0";"0.013";"0.0"
"2014-04-01";"20:02:35";"F";"2559";"217";"218";"0";"0.005";"0.0"
"2014-04-01";"20:02:45";"F";"2560";"212";"210";"0";"-";"-"
"2014-04-01";"20:02:56";"F";"2561";"197";"196";"0";"-";"-"
"2014-04-01";"20:04:20";"FO";"2562";"235";"235";"0";"0.000";"0.0"
"2014-04-01";"20:04:30";"F";"2563";"210";"217";"0";"0.032";"0.0"
"2014-04-01";"20:04:40";"F";"2564";"199";"207";"0";"0.039";"0.0"
"2014-04-01";"20:04:50";"F";"2565";"192";"193";"0";"0.005";"0.0"
"2014-04-01";"20:05:00";"F";"2566";"180";"179";"0";"-";"-"
"2014-04-01";"20:05:10";"F";"2567";"170";"168";"0";"-";"-"
"2014-04-01";"20:05:20";"F";"2568";"158";"158";"0";"0.000";"0.0"
"2014-04-01";"20:05:29";"F";"2569";"153";"151";"0";"-";"-"
"2014-04-01";"20:05:40";"F";"2570";"146";"145";"0";"-";"-"
"2014-04-01";"20:07:10";"FO";"2571";"368";"377";"0";"0.024";"0.0"
"2014-04-01";"20:07:20";"F";"2572";"310";"325";"0";"0.046";"0.0"
"2014-04-01";"20:07:30";"F";"2573";"280";"295";"0";"0.051";"0.0"
"2014-04-01";"20:07:40";"F";"2574";"252";"259";"0";"0.027";"0.0"
"2014-04-01";"20:07:50";"F";"2575";"225";"225";"0";"0.000";"0.0"
"2014-04-01";"20:08:00";"F";"2576";"205";"205";"0";"0.000";"0.0"
"2014-04-01";"20:08:10";"F";"2577";"187";"185";"0";"-";"-"
"2014-04-01";"20:08:20";"F";"2578";"181";"180";"0";"-";"-"
"2014-04-01";"20:08:30";"F";"2579";"169";"170";"0";"0.006";"0.0"
"2014-04-01";"20:09:05";"FO";"2580";"321";"330";"0";"0.027";"0.0"
"2014-04-01";"20:09:15";"F";"2581";"265";"280";"0";"0.054";"0.0"
"2014-04-01";"20:09:25";"F";"2582";"246";"257";"0";"0.043";"0.0"
"2014-04-01";"20:09:35";"F";"2583";"234";"236";"0";"0.008";"0.0"
"2014-04-01";"20:09:46";"F";"2584";"218";"222";"0";"0.018";"0.0"
"2014-04-01";"20:09:56";"F";"2585";"207";"204";"0";"-";"-"
"2014-04-01";"20:10:06";"F";"2586";"197";"197";"0";"0.000";"0.0"
"2014-04-01";"20:10:15";"F";"2587";"181";"180";"0";"-";"-"
"2014-04-01";"20:10:25";"F";"2588";"169";"168";"0";"-";"-"
"2014-04-01";"20:11:36";"FO";"2589";"360";"371";"0";"0.030";"0.0"
"2014-04-01";"20:11:47";"F";"2590";"316";"336";"0";"0.060";"0.0"
"2014-04-01";"20:11:57";"F";"2591";"294";"313";"0";"0.061";"0.0"
"2014-04-01";"20:12:06";"F";"2592";"266";"280";"0";"0.050";"0.0"
"2014-04-01";"20:12:16";"F";"2593";"243";"246";"0";"0.012";"0.0"
"2014-04-01";"20:12:28";"F";"2594";"221";"222";"0";"0.005";"0.0"
"2014-04-01";"20:12:37";"F";"2595";"208";"207";"0";"-";"-"
"2014-04-01";"20:12:47";"F";"2596";"192";"194";"0";"0.010";"0.0"
"2014-04-01";"20:12:57";"F";"2597";"187";"185";"0";"-";"-"
"2014-04-01";"20:14:31";"FO";"2598";"268";"280";"0";"0.043";"0.0"
"2014-04-01";"20:14:40";"F";"2599";"246";"257";"0";"0.043";"0.0"
"2014-04-01";"20:14:50";"F";"2600";"230";"240";"0";"0.042";"0.0"
"2014-04-01";"20:15:01";"F";"2601";"219";"224";"0";"0.022";"0.0"
"2014-04-01";"20:15:11";"F";"2602";"202";"205";"0";"0.015";"0.0"
"2014-04-01";"20:15:20";"F";"2603";"193";"195";"0";"0.010";"0.0"
"2014-04-01";"20:15:30";"F";"2604";"183";"187";"0";"0.021";"0.0"
"2014-04-01";"20:15:40";"F";"2605";"187";"186";"0";"-";"-"
"2014-04-01";"20:15:50";"F";"2606";"178";"177";"0";"-";"-"
"2014-04-01";"20:16:42";"FO";"2607";"360";"363";"0";"0.008";"0.0"
"2014-04-01";"20:16:52";"F";"2608";"323";"347";"0";"0.069";"0.0"
"2014-04-01";"20:17:01";"F";"2609";"289";"299";"0";"0.033";"0.0"
"2014-04-01";"20:17:12";"F";"2610";"273";"282";"0";"0.032";"0.0"
"2014-04-01";"20:17:22";"F";"2611";"252";"253";"0";"0.004";"0.0"
"2014-04-01";"20:17:32";"F";"2612";"233";"233";"0";"0.000";"0.0"
"2014-04-01";"20:17:42";"F";"2613";"225";"224";"0";"-";"-"
"2014-04-01";"20:17:51";"F";"2614";"212";"212";"0";"0.000";"0.0"
"2014-04-01";"20:18:02";"F";"2615";"196";"194";"0";"-";"-"
"2014-04-01";"20:18:43";"FO";"2616";"303";"322";"0";"0.059";"0.0"
"2014-04-01";"20:18:51";"F";"2617";"262";"270";"0";"0.030";"0.0"
"2014-04-01";"20:19:01";"F";"2618";"257";"269";"0";"0.045";"0.0"
"2014-04-01";"20:19:12";"F";"2619";"229";"229";"0";"0.000";"0.0"
"2014-04-01";"20:19:21";"F";"2620";"219";"222";"0";"0.014";"0.0"
"2014-04-01";"20:19:31";"F";"2621";"204";"206";"0";"0.010";"0.0"
"2014-04-01";"20:19:42";"F";"2622";"197";"196";"0";"-";"-"
"2014-04-01";"20:19:52";"F";"2623";"184";"183";"0";"-";"-"
"2014-04-01";"20:20:02";"F";"2624";"167";"167";"0";"0.000";"0.0"
"2014-04-01";"20:20:29";"FO";"2625";"174";"188";"0";"0.074";"0.0"
"2014-04-01";"20:20:37";"F";"2626";"109";"109";"0";"0.000";"0.0"
"2014-04-01";"20:20:47";"F";"2627";"112";"129";"0";"0.132";"0.0"
"2014-04-01";"20:20:57";"F";"2628";"101";"103";"0";"0.019";"0.0"
"2014-04-01";"20:21:07";"F";"2629";"99";"99";"0";"0.000";"0.0"
"2014-04-01";"20:21:18";"F";"2630";"97";"97";"0";"0.000";"0.0"
"2014-04-01";"20:21:28";"F";"2631";"96";"94";"0";"-";"-"
"2014-04-01";"20:21:38";"F";"2632";"91";"91";"0";"0.000";"0.0"
"2014-04-01";"20:21:48";"F";"2633";"89";"89";"0";"0.000";"0.0"
"2014-04-01";"22:16:40";"FO";"2635";"248";"300";"0";"0.173";"0.0"
"2014-04-01";"22:16:48";"F";"2636";"249";"286";"0";"0.129";"0.0"
"2014-04-01";"22:16:58";"F";"2637";"249";"279";"0";"0.108";"0.0"
"2014-04-01";"22:17:09";"F";"2638";"256";"283";"0";"0.095";"0.0"
"2014-04-01";"22:17:18";"F";"2639";"278";"293";"0";"0.051";"0.0"
"2014-04-01";"22:17:28";"F";"2640";"252";"260";"0";"0.031";"0.0"
"2014-04-01";"22:17:39";"F";"2641";"239";"250";"0";"0.044";"0.0"
"2014-04-01";"22:17:49";"F";"2642";"239";"241";"0";"0.008";"0.0"
"2014-04-01";"22:17:58";"F";"2643";"229";"228";"0";"-";"-"
"2014-04-01";"22:18:38";"FO";"2644";"320";"442";"0";"0.276";"0.0"
"2014-04-01";"22:18:48";"F";"2645";"357";"424";"0";"0.158";"0.0"
"2014-04-01";"22:18:58";"F";"2646";"355";"402";"0";"0.117";"0.0"
"2014-04-01";"22:19:08";"F";"2647";"327";"375";"0";"0.128";"0.0"
"2014-04-01";"22:19:18";"F";"2648";"319";"353";"0";"0.096";"0.0"
"2014-04-01";"22:19:28";"F";"2649";"307";"321";"0";"0.044";"0.0"
"2014-04-01";"22:19:38";"F";"2650";"299";"308";"0";"0.029";"0.0"
"2014-04-01";"22:19:48";"F";"2651";"288";"287";"0";"-";"-"
"2014-04-01";"22:19:59";"F";"2652";"278";"279";"0";"0.004";"0.0"
"2014-04-01";"22:20:36";"FO";"2653";"315";"397";"0";"0.207";"0.0"
"2014-04-01";"22:20:45";"F";"2654";"317";"377";"0";"0.159";"0.0"
"2014-04-01";"22:20:55";"F";"2655";"322";"367";"0";"0.123";"0.0"
"2014-04-01";"22:21:05";"F";"2656";"317";"340";"0";"0.068";"0.0"
"2014-04-01";"22:21:15";"F";"2657";"301";"319";"0";"0.056";"0.0"
"2014-04-01";"22:21:26";"F";"2658";"293";"306";"0";"0.042";"0.0"
"2014-04-01";"22:21:36";"F";"2659";"281";"288";"0";"0.024";"0.0"
"2014-04-01";"22:21:46";"F";"2660";"275";"274";"0";"-";"-"
"2014-04-01";"22:21:55";"F";"2661";"258";"258";"0";"0.000";"0.0"
"2014-04-01";"22:22:21";"FO";"2662";"406";"506";"0";"0.198";"0.0"
"2014-04-01";"22:22:30";"F";"2663";"423";"501";"0";"0.156";"0.0"
"2014-04-01";"22:22:40";"F";"2664";"432";"496";"0";"0.129";"0.0"
"2014-04-01";"22:22:50";"F";"2665";"424";"463";"0";"0.084";"0.0"
"2014-04-01";"22:23:00";"F";"2666";"399";"427";"0";"0.066";"0.0"
"2014-04-01";"22:23:10";"F";"2667";"390";"405";"0";"0.037";"0.0"
"2014-04-01";"22:23:20";"F";"2668";"360";"365";"0";"0.014";"0.0"
"2014-04-01";"22:23:31";"F";"2669";"344";"340";"0";"-";"-"
"2014-04-01";"22:23:41";"F";"2670";"319";"320";"0";"0.003";"0.0"
"2014-04-01";"22:24:52";"FO";"2671";"310";"397";"0";"0.219";"0.0"
"2014-04-01";"22:25:00";"F";"2672";"338";"381";"0";"0.113";"0.0"
"2014-04-01";"22:25:10";"F";"2673";"320";"354";"0";"0.096";"0.0"
"2014-04-01";"22:25:20";"F";"2674";"317";"346";"0";"0.084";"0.0"
"2014-04-01";"22:25:31";"F";"2675";"310";"323";"0";"0.040";"0.0"
"2014-04-01";"22:25:41";"F";"2676";"288";"297";"0";"0.030";"0.0"
"2014-04-01";"22:25:51";"F";"2677";"272";"276";"0";"0.014";"0.0"
"2014-04-01";"22:26:01";"F";"2678";"272";"274";"0";"0.007";"0.0"
"2014-04-01";"22:26:11";"F";"2679";"253";"252";"0";"-";"-"
"2014-04-01";"22:26:40";"FO";"2680";"297";"300";"0";"0.010";"0.0"
"2014-04-01";"22:26:50";"F";"2681";"284";"293";"0";"0.031";"0.0"
"2014-04-01";"22:26:59";"F";"2682";"297";"324";"0";"0.083";"0.0"
"2014-04-01";"22:27:09";"F";"2683";"285";"288";"0";"0.010";"0.0"
"2014-04-01";"22:27:21";"F";"2684";"268";"262";"0";"-";"-"
"2014-04-01";"22:27:30";"F";"2685";"254";"252";"0";"-";"-"
"2014-04-01";"22:27:40";"F";"2686";"244";"245";"0";"0.004";"0.0"
"2014-04-01";"22:27:50";"F";"2687";"250";"249";"0";"-";"-"
"2014-04-01";"22:28:00";"F";"2688";"242";"240";"0";"-";"-"
"2014-04-01";"22:28:40";"FO";"2689";"294";"299";"0";"0.017";"0.0"
"2014-04-01";"22:28:50";"F";"2690";"297";"296";"0";"-";"-"
"2014-04-01";"22:29:00";"F";"2691";"294";"297";"0";"0.010";"0.0"
"2014-04-01";"22:29:10";"F";"2692";"292";"292";"0";"0.000";"0.0"
"2014-04-01";"22:29:20";"F";"2693";"272";"270";"0";"-";"-"
"2014-04-01";"22:29:30";"F";"2694";"268";"267";"0";"-";"-"
"2014-04-01";"22:29:40";"F";"2695";"261";"261";"0";"0.000";"0.0"
"2014-04-01";"22:29:50";"F";"2696";"259";"260";"0";"0.004";"0.0"
"2014-04-01";"22:30:00";"F";"2697";"267";"266";"0";"-";"-"
"2014-04-01";"22:30:25";"FO";"2698";"306";"372";"0";"0.177";"0.0"
"2014-04-01";"22:30:35";"F";"2699";"324";"358";"0";"0.095";"0.0"
"2014-04-01";"22:30:46";"F";"2700";"317";"340";"0";"0.068";"0.0"
"2014-04-01";"22:30:56";"F";"2701";"298";"316";"0";"0.057";"0.0"
"2014-04-01";"22:31:06";"F";"2702";"285";"295";"0";"0.034";"0.0"
"2014-04-01";"22:31:15";"F";"2703";"258";"261";"0";"0.011";"0.0"
"2014-04-01";"22:31:26";"F";"2704";"247";"246";"0";"-";"-"
"2014-04-01";"22:31:36";"F";"2705";"240";"241";"0";"0.004";"0.0"
"2014-04-01";"22:31:46";"F";"2706";"232";"231";"0";"-";"-"
"2014-04-01";"22:32:46";"FO";"2707";"290";"306";"0";"0.052";"0.0"
"2014-04-01";"22:32:55";"F";"2708";"263";"299";"0";"0.120";"0.0"
"2014-04-01";"22:33:06";"F";"2709";"268";"296";"0";"0.095";"0.0"
"2014-04-01";"22:33:16";"F";"2710";"263";"291";"0";"0.096";"0.0"
"2014-04-01";"22:33:25";"F";"2711";"260";"274";"0";"0.051";"0.0"
"2014-04-01";"22:33:35";"F";"2712";"254";"260";"0";"0.023";"0.0"
"2014-04-01";"22:33:45";"F";"2713";"240";"242";"0";"0.008";"0.0"
"2014-04-01";"22:33:56";"F";"2714";"233";"233";"0";"0.000";"0.0"
"2014-04-01";"22:34:06";"F";"2715";"224";"225";"0";"0.004";"0.0"
"2014-04-01";"22:34:37";"FO";"2716";"343";"435";"0";"0.211";"0.0"
"2014-04-01";"22:34:45";"F";"2717";"362";"407";"0";"0.111";"0.0"
"2014-04-01";"22:34:56";"F";"2718";"360";"402";"0";"0.104";"0.0"
"2014-04-01";"22:35:06";"F";"2719";"354";"378";"0";"0.063";"0.0"
"2014-04-01";"22:35:15";"F";"2720";"332";"352";"0";"0.057";"0.0"
"2014-04-01";"22:35:27";"F";"2721";"325";"333";"0";"0.024";"0.0"
"2014-04-01";"22:35:36";"F";"2722";"309";"312";"0";"0.010";"0.0"
"2014-04-01";"22:35:46";"F";"2723";"302";"302";"0";"0.000";"0.0"
"2014-04-01";"22:35:56";"F";"2724";"284";"285";"0";"0.004";"0.0"
"2014-04-01";"22:36:22";"FO";"2725";"382";"478";"0";"0.201";"0.0"
"2014-04-01";"22:36:32";"F";"2726";"395";"444";"0";"0.110";"0.0"
"2014-04-01";"22:36:42";"F";"2727";"374";"412";"0";"0.092";"0.0"
"2014-04-01";"22:36:52";"F";"2728";"368";"391";"0";"0.059";"0.0"
"2014-04-01";"22:37:02";"F";"2729";"342";"353";"0";"0.031";"0.0"
"2014-04-01";"22:37:12";"F";"2730";"322";"332";"0";"0.030";"0.0"
"2014-04-01";"22:37:22";"F";"2731";"316";"316";"0";"0.000";"0.0"
"2014-04-01";"22:37:32";"F";"2732";"301";"308";"0";"0.023";"0.0"
"2014-04-01";"22:37:42";"F";"2733";"289";"287";"0";"-";"-"
"2014-04-01";"22:38:13";"FO";"2734";"345";"415";"0";"0.169";"0.0"
"2014-04-01";"22:38:23";"F";"2735";"315";"363";"0";"0.132";"0.0"
"2014-04-01";"22:38:34";"F";"2736";"321";"356";"0";"0.098";"0.0"
"2014-04-01";"22:38:44";"F";"2737";"321";"349";"0";"0.080";"0.0"
"2014-04-01";"22:38:53";"F";"2738";"302";"322";"0";"0.062";"0.0"
"2014-04-01";"22:39:03";"F";"2739";"297";"306";"0";"0.029";"0.0"
"2014-04-01";"22:39:14";"F";"2740";"275";"279";"0";"0.014";"0.0"
"2014-04-01";"22:39:24";"F";"2741";"289";"285";"0";"-";"-"
"2014-04-01";"22:39:34";"F";"2742";"239";"240";"0";"0.004";"0.0"
"2014-04-01";"22:40:08";"FO";"2743";"439";"444";"0";"0.011";"0.0"
"2014-04-01";"22:40:18";"F";"2744";"372";"392";"0";"0.051";"0.0"
"2014-04-01";"22:40:29";"F";"2745";"353";"360";"0";"0.019";"0.0"
"2014-04-01";"22:40:39";"F";"2746";"336";"345";"0";"0.026";"0.0"
"2014-04-01";"22:40:48";"F";"2747";"313";"315";"0";"0.006";"0.0"
"2014-04-01";"22:40:58";"F";"2748";"299";"298";"0";"-";"-"
"2014-04-01";"22:41:09";"F";"2749";"275";"275";"0";"0.000";"0.0"
"2014-04-01";"22:41:19";"F";"2750";"261";"259";"0";"-";"-"
"2014-04-01";"22:41:29";"F";"2751";"255";"256";"0";"0.004";"0.0"
"2014-04-01";"22:42:07";"FO";"2752";"351";"363";"0";"0.033";"0.0"
"2014-04-01";"22:42:17";"F";"2753";"322";"321";"0";"-";"-"
"2014-04-01";"22:42:27";"F";"2754";"306";"306";"0";"0.000";"0.0"
"2014-04-01";"22:42:37";"F";"2755";"299";"298";"0";"-";"-"
"2014-04-01";"22:42:47";"F";"2756";"284";"283";"0";"-";"-"
"2014-04-01";"22:42:57";"F";"2757";"267";"267";"0";"0.000";"0.0"
"2014-04-01";"22:43:07";"F";"2758";"259";"257";"0";"-";"-"
"2014-04-01";"22:43:17";"F";"2759";"248";"250";"0";"0.008";"0.0"
"2014-04-01";"22:43:27";"F";"2760";"261";"258";"0";"-";"-"
"2014-04-01";"22:43:52";"FO";"2761";"526";"687";"0";"0.234";"0.0"
"2014-04-01";"22:44:01";"F";"2762";"566";"646";"0";"0.124";"0.0"
"2014-04-01";"22:44:11";"F";"2763";"518";"554";"0";"0.065";"0.0"
"2014-04-01";"22:44:21";"F";"2764";"466";"489";"0";"0.047";"0.0"
"2014-04-01";"22:44:31";"F";"2765";"415";"426";"0";"0.026";"0.0"
"2014-04-01";"22:44:41";"F";"2766";"380";"384";"0";"0.010";"0.0"
"2014-04-01";"22:44:51";"F";"2767";"356";"353";"0";"-";"-"
"2014-04-01";"22:45:01";"F";"2768";"339";"341";"0";"0.006";"0.0"
"2014-04-01";"22:45:12";"F";"2769";"326";"324";"0";"-";"-"
"2014-04-01";"22:45:40";"FO";"2770";"643";"890";"0";"0.278";"0.0"
"2014-04-01";"22:45:49";"F";"2771";"510";"568";"0";"0.102";"0.0"
"2014-04-01";"22:45:59";"F";"2772";"514";"559";"0";"0.081";"0.0"
"2014-04-01";"22:46:10";"F";"2773";"462";"497";"0";"0.070";"0.0"
"2014-04-01";"22:46:20";"F";"2774";"405";"436";"0";"0.071";"0.0"
"2014-04-01";"22:46:30";"F";"2775";"392";"408";"0";"0.039";"0.0"
"2014-04-01";"22:46:40";"F";"2776";"352";"366";"0";"0.038";"0.0"
"2014-04-01";"22:46:49";"F";"2777";"346";"346";"0";"0.000";"0.0"
"2014-04-01";"22:47:00";"F";"2778";"337";"338";"0";"0.003";"0.0"
"2014-04-01";"22:47:41";"FO";"2779";"615";"802";"0";"0.233";"0.0"
"2014-04-01";"22:47:50";"F";"2780";"587";"658";"0";"0.108";"0.0"
"2014-04-01";"22:48:00";"F";"2781";"533";"573";"0";"0.070";"0.0"
"2014-04-01";"22:48:10";"F";"2782";"488";"518";"0";"0.058";"0.0"
"2014-04-01";"22:48:21";"F";"2783";"450";"471";"0";"0.045";"0.0"
"2014-04-01";"22:48:31";"F";"2784";"423";"433";"0";"0.023";"0.0"
"2014-04-01";"22:48:40";"F";"2785";"388";"392";"0";"0.010";"0.0"
"2014-04-01";"22:48:50";"F";"2786";"366";"371";"0";"0.013";"0.0"
"2014-04-01";"22:49:02";"F";"2787";"363";"362";"0";"-";"-"
"2014-04-01";"22:49:26";"FO";"2788";"432";"578";"0";"0.253";"0.0"
"2014-04-01";"22:49:36";"F";"2789";"415";"469";"0";"0.115";"0.0"
"2014-04-01";"22:49:46";"F";"2790";"428";"476";"0";"0.101";"0.0"
"2014-04-01";"22:49:56";"F";"2791";"414";"437";"0";"0.053";"0.0"
"2014-04-01";"22:50:06";"F";"2792";"394";"415";"0";"0.051";"0.0"
"2014-04-01";"22:50:16";"F";"2793";"362";"370";"0";"0.022";"0.0"
"2014-04-01";"22:50:26";"F";"2794";"338";"344";"0";"0.017";"0.0"
"2014-04-01";"22:50:36";"F";"2795";"350";"350";"0";"0.000";"0.0"
"2014-04-01";"22:50:47";"F";"2796";"326";"326";"0";"0.000";"0.0"
"2014-04-01";"22:51:06";"FO";"2797";"431";"631";"0";"0.317";"0.0"
"2014-04-01";"22:51:15";"F";"2798";"507";"543";"0";"0.066";"0.0"
"2014-04-01";"22:51:25";"F";"2799";"463";"492";"0";"0.059";"0.0"
"2014-04-01";"22:51:35";"F";"2800";"424";"455";"0";"0.068";"0.0"
"2014-04-01";"22:51:46";"F";"2801";"407";"415";"0";"0.019";"0.0"
"2014-04-01";"22:51:56";"F";"2802";"378";"388";"0";"0.026";"0.0"
"2014-04-01";"22:52:05";"F";"2803";"368";"369";"0";"0.003";"0.0"
"2014-04-01";"22:52:15";"F";"2804";"344";"348";"0";"0.011";"0.0"
"2014-04-01";"22:52:27";"F";"2805";"336";"336";"0";"0.000";"0.0"
"2014-04-01";"22:52:55";"FO";"2806";"339";"376";"0";"0.098";"0.0"
"2014-04-01";"22:53:05";"F";"2807";"322";"344";"0";"0.064";"0.0"
"2014-04-01";"22:53:15";"F";"2808";"311";"324";"0";"0.040";"0.0"
"2014-04-01";"22:53:25";"F";"2809";"298";"302";"0";"0.013";"0.0"
"2014-04-01";"22:53:35";"F";"2810";"289";"294";"0";"0.017";"0.0"
"2014-04-01";"22:53:45";"F";"2811";"273";"274";"0";"0.004";"0.0"
"2014-04-01";"22:53:55";"F";"2812";"266";"265";"0";"-";"-"
"2014-04-01";"22:54:04";"F";"2813";"258";"259";"0";"0.004";"0.0"
"2014-04-01";"22:54:15";"F";"2814";"235";"235";"0";"0.000";"0.0"
"2014-04-01";"22:54:47";"FO";"2815";"378";"452";"0";"0.164";"0.0"
"2014-04-01";"22:54:57";"F";"2816";"423";"422";"0";"-";"-"
"2014-04-01";"22:55:07";"F";"2817";"403";"402";"0";"-";"-"
"2014-04-01";"22:55:17";"F";"2818";"384";"381";"0";"-";"-"
"2014-04-01";"22:55:27";"F";"2819";"379";"380";"0";"0.003";"0.0"
"2014-04-01";"22:55:37";"F";"2820";"364";"366";"0";"0.005";"0.0"
"2014-04-01";"22:55:47";"F";"2821";"342";"343";"0";"0.003";"0.0"
"2014-04-01";"22:55:57";"F";"2822";"345";"346";"0";"0.003";"0.0"
"2014-04-01";"22:56:07";"F";"2823";"329";"330";"0";"0.003";"0.0"
"2014-04-01";"22:56:37";"FO";"2824";"369";"435";"0";"0.152";"0.0"
"2014-04-01";"22:56:47";"F";"2825";"357";"406";"0";"0.121";"0.0"
"2014-04-01";"22:56:56";"F";"2826";"336";"364";"0";"0.077";"0.0"
"2014-04-01";"22:57:07";"F";"2827";"316";"335";"0";"0.057";"0.0"
"2014-04-01";"22:57:17";"F";"2828";"291";"298";"0";"0.023";"0.0"
"2014-04-01";"22:57:27";"F";"2829";"275";"283";"0";"0.028";"0.0"
"2014-04-01";"22:57:37";"F";"2830";"270";"271";"0";"0.004";"0.0"
"2014-04-01";"22:57:46";"F";"2831";"241";"247";"0";"0.024";"0.0"
"2014-04-01";"22:57:57";"F";"2832";"242";"240";"0";"-";"-"
"2014-04-01";"22:58:25";"FO";"2833";"250";"351";"0";"0.288";"0.0"
"2014-04-01";"22:58:35";"F";"2834";"273";"314";"0";"0.131";"0.0"
"2014-04-01";"22:58:45";"F";"2835";"268";"298";"0";"0.101";"0.0"
"2014-04-01";"22:58:56";"F";"2836";"267";"290";"0";"0.079";"0.0"
"2014-04-01";"22:59:06";"F";"2837";"257";"269";"0";"0.045";"0.0"
"2014-04-01";"22:59:15";"F";"2838";"243";"253";"0";"0.040";"0.0"
"2014-04-01";"22:59:25";"F";"2839";"245";"247";"0";"0.008";"0.0"
"2014-04-01";"22:59:37";"F";"2840";"228";"236";"0";"0.034";"0.0"
"2014-04-01";"22:59:46";"F";"2841";"240";"242";"0";"0.008";"0.0"
"2014-04-01";"23:00:11";"FO";"2842";"377";"645";"0";"0.416";"0.0"
"2014-04-01";"23:00:21";"F";"2843";"463";"545";"0";"0.150";"0.0"
"2014-04-01";"23:00:31";"F";"2844";"469";"522";"0";"0.102";"0.0"
"2014-04-01";"23:00:41";"F";"2845";"422";"476";"0";"0.113";"0.0"
"2014-04-01";"23:00:51";"F";"2846";"411";"441";"0";"0.068";"0.0"
"2014-04-01";"23:01:01";"F";"2847";"400";"426";"0";"0.061";"0.0"
"2014-04-01";"23:01:11";"F";"2848";"391";"398";"0";"0.018";"0.0"
"2014-04-01";"23:01:21";"F";"2849";"383";"383";"0";"0.000";"0.0"
"2014-04-01";"23:01:31";"F";"2850";"362";"366";"0";"0.011";"0.0"
"2014-04-01";"23:02:16";"FO";"2851";"375";"481";"0";"0.220";"0.0"
"2014-04-01";"23:02:26";"F";"2852";"371";"434";"0";"0.145";"0.0"
"2014-04-01";"23:02:37";"F";"2853";"361";"403";"0";"0.104";"0.0"
"2014-04-01";"23:02:47";"F";"2854";"333";"367";"0";"0.093";"0.0"
"2014-04-01";"23:02:57";"F";"2855";"327";"349";"0";"0.063";"0.0"
"2014-04-01";"23:03:06";"F";"2856";"318";"327";"0";"0.028";"0.0"
"2014-04-01";"23:03:17";"F";"2857";"305";"310";"0";"0.016";"0.0"
"2014-04-01";"23:03:27";"F";"2858";"286";"286";"0";"0.000";"0.0"
"2014-04-01";"23:03:37";"F";"2859";"278";"279";"0";"0.004";"0.0"
"2014-04-01";"23:04:35";"FO";"2860";"436";"642";"0";"0.321";"0.0"
"2014-04-01";"23:04:45";"F";"2861";"509";"580";"0";"0.122";"0.0"
"2014-04-01";"23:04:54";"F";"2862";"466";"496";"0";"0.060";"0.0"
"2014-04-01";"23:05:04";"F";"2863";"452";"489";"0";"0.076";"0.0"
"2014-04-01";"23:05:15";"F";"2864";"426";"439";"0";"0.030";"0.0"
"2014-04-01";"23:05:25";"F";"2865";"394";"405";"0";"0.027";"0.0"
"2014-04-01";"23:05:35";"F";"2866";"386";"392";"0";"0.015";"0.0"
"2014-04-01";"23:05:44";"F";"2867";"376";"378";"0";"0.005";"0.0"
"2014-04-01";"23:05:54";"F";"2868";"362";"361";"0";"-";"-"
"2014-04-01";"23:06:21";"FO";"2869";"340";"340";"0";"0.000";"0.0"
"2014-04-01";"23:06:31";"F";"2870";"295";"311";"0";"0.051";"0.0"
"2014-04-01";"23:06:41";"F";"2871";"279";"285";"0";"0.021";"0.0"
"2014-04-01";"23:06:50";"F";"2872";"270";"275";"0";"0.018";"0.0"
"2014-04-01";"23:07:01";"F";"2873";"269";"272";"0";"0.011";"0.0"
"2014-04-01";"23:07:11";"F";"2874";"250";"249";"0";"-";"-"
"2014-04-01";"23:07:21";"F";"2875";"244";"253";"0";"0.036";"0.0"
"2014-04-01";"23:07:31";"F";"2876";"224";"225";"0";"0.004";"0.0"
"2014-04-01";"23:07:42";"F";"2877";"227";"226";"0";"-";"-"
"2014-04-01";"23:08:05";"FO";"2878";"346";"346";"0";"0.000";"0.0"
"2014-04-01";"23:08:14";"F";"2879";"332";"330";"0";"-";"-"
"2014-04-01";"23:08:26";"F";"2880";"314";"314";"0";"0.000";"0.0"
"2014-04-01";"23:08:35";"F";"2881";"300";"302";"0";"0.007";"0.0"
"2014-04-01";"23:08:45";"F";"2882";"305";"304";"0";"-";"-"
"2014-04-01";"23:08:55";"F";"2883";"281";"283";"0";"0.007";"0.0"
"2014-04-01";"23:09:06";"F";"2884";"267";"266";"0";"-";"-"
"2014-04-01";"23:09:16";"F";"2885";"266";"263";"0";"-";"-"
"2014-04-01";"23:09:25";"F";"2886";"243";"242";"0";"-";"-"
"2014-04-01";"23:10:16";"FO";"2887";"403";"533";"0";"0.244";"0.0"
"2014-04-01";"23:10:26";"F";"2888";"421";"459";"0";"0.083";"0.0"
"2014-04-01";"23:10:37";"F";"2889";"371";"392";"0";"0.054";"0.0"
"2014-04-01";"23:10:46";"F";"2890";"325";"335";"0";"0.030";"0.0"
"2014-04-01";"23:10:56";"F";"2891";"291";"296";"0";"0.017";"0.0"
"2014-04-01";"23:11:06";"F";"2892";"269";"271";"0";"0.007";"0.0"
"2014-04-01";"23:11:16";"F";"2893";"236";"242";"0";"0.025";"0.0"
"2014-04-01";"23:11:26";"F";"2894";"228";"228";"0";"0.000";"0.0"
"2014-04-01";"23:11:36";"F";"2895";"215";"215";"0";"0.000";"0.0"
"2014-04-01";"23:13:01";"FO";"2896";"251";"251";"0";"0.000";"0.0"
"2014-04-01";"23:13:12";"F";"2897";"217";"237";"0";"0.084";"0.0"
"2014-04-01";"23:13:21";"F";"2898";"205";"227";"0";"0.097";"0.0"
"2014-04-01";"23:13:31";"F";"2899";"219";"231";"0";"0.052";"0.0"
"2014-04-01";"23:13:41";"F";"2900";"196";"206";"0";"0.049";"0.0"
"2014-04-01";"23:13:51";"F";"2901";"186";"190";"0";"0.021";"0.0"
"2014-04-01";"23:14:01";"F";"2902";"176";"185";"0";"0.049";"0.0"
"2014-04-01";"23:14:11";"F";"2903";"189";"189";"0";"0.000";"0.0"
"2014-04-01";"23:14:21";"F";"2904";"183";"184";"0";"0.005";"0.0"
"2014-04-01";"23:15:00";"FO";"2905";"340";"419";"0";"0.189";"0.0"
"2014-04-01";"23:15:09";"F";"2906";"348";"394";"0";"0.117";"0.0"
"2014-04-01";"23:15:19";"F";"2907";"344";"387";"0";"0.111";"0.0"
"2014-04-01";"23:15:29";"F";"2908";"358";"382";"0";"0.063";"0.0"
"2014-04-01";"23:15:40";"F";"2909";"340";"359";"0";"0.053";"0.0"
"2014-04-01";"23:15:50";"F";"2910";"329";"343";"0";"0.041";"0.0"
"2014-04-01";"23:16:00";"F";"2911";"300";"304";"0";"0.013";"0.0"
"2014-04-01";"23:16:10";"F";"2912";"292";"297";"0";"0.017";"0.0"
"2014-04-01";"23:16:20";"F";"2913";"288";"287";"0";"-";"-"
"2014-04-01";"23:17:06";"FO";"2914";"395";"492";"0";"0.197";"0.0"
"2014-04-01";"23:17:15";"F";"2915";"412";"452";"0";"0.088";"0.0"
"2014-04-01";"23:17:26";"F";"2916";"399";"438";"0";"0.089";"0.0"
"2014-04-01";"23:17:36";"F";"2917";"391";"419";"0";"0.067";"0.0"
"2014-04-01";"23:17:46";"F";"2918";"368";"387";"0";"0.049";"0.0"
"2014-04-01";"23:17:56";"F";"2919";"365";"377";"0";"0.032";"0.0"
"2014-04-01";"23:18:06";"F";"2920";"347";"363";"0";"0.044";"0.0"
"2014-04-01";"23:18:16";"F";"2921";"340";"343";"0";"0.009";"0.0"
"2014-04-01";"23:18:26";"F";"2922";"327";"328";"0";"0.003";"0.0"
"2014-04-01";"23:18:52";"FO";"2923";"416";"514";"0";"0.191";"0.0"
"2014-04-01";"23:19:01";"F";"2924";"457";"499";"0";"0.084";"0.0"
"2014-04-01";"23:19:11";"F";"2925";"441";"475";"0";"0.072";"0.0"
"2014-04-01";"23:19:22";"F";"2926";"431";"449";"0";"0.040";"0.0"
"2014-04-01";"23:19:32";"F";"2927";"400";"411";"0";"0.027";"0.0"
"2014-04-01";"23:19:41";"F";"2928";"379";"388";"0";"0.023";"0.0"
"2014-04-01";"23:19:51";"F";"2929";"367";"371";"0";"0.011";"0.0"
"2014-04-01";"23:20:01";"F";"2930";"357";"357";"0";"0.000";"0.0"
"2014-04-01";"23:20:12";"F";"2931";"341";"339";"0";"-";"-"
"2014-04-01";"23:20:37";"FO";"2932";"295";"297";"0";"0.007";"0.0"
"2014-04-01";"23:20:47";"F";"2933";"258";"269";"0";"0.041";"0.0"
"2014-04-01";"23:20:57";"F";"2934";"248";"251";"0";"0.012";"0.0"
"2014-04-01";"23:21:08";"F";"2935";"240";"245";"0";"0.020";"0.0"
"2014-04-01";"23:21:18";"F";"2936";"252";"250";"0";"-";"-"
"2014-04-01";"23:21:27";"F";"2937";"230";"229";"0";"-";"-"
"2014-04-01";"23:21:37";"F";"2938";"227";"227";"0";"0.000";"0.0"
"2014-04-01";"23:21:47";"F";"2939";"225";"225";"0";"0.000";"0.0"
"2014-04-01";"23:21:58";"F";"2940";"212";"213";"0";"0.005";"0.0"
"2014-04-01";"23:22:24";"FO";"2941";"377";"414";"0";"0.089";"0.0"
"2014-04-01";"23:22:34";"F";"2942";"397";"401";"0";"0.010";"0.0"
"2014-04-01";"23:22:44";"F";"2943";"383";"383";"0";"0.000";"0.0"
"2014-04-01";"23:22:54";"F";"2944";"371";"371";"0";"0.000";"0.0"
"2014-04-01";"23:23:04";"F";"2945";"366";"364";"0";"-";"-"
"2014-04-01";"23:23:15";"F";"2946";"356";"354";"0";"-";"-"
"2014-04-01";"23:23:25";"F";"2947";"349";"348";"0";"-";"-"
"2014-04-01";"23:23:35";"F";"2948";"336";"336";"0";"0.000";"0.0"
"2014-04-01";"23:23:46";"F";"2949";"318";"317";"0";"-";"-"
